comp-char	common-char	comp-code	common-code	level	flag
㇣	〇	U+31E3	U+3007	#	*
࿕	卐	U+0FD5	U+5350	#	
࿖	卍	U+0FD6	U+534D	#	
⺀	冫	U+2E80	U+51AB	#	*
⺁	𠂆	U+2E81	U+20086	B	
⺂	乛	U+2E82	U+4E5B	#	
⺃	乚	U+2E83	U+4E5A	#	
⺄	乙	U+2E84	U+4E59	#	*
⺅	亻	U+2E85	U+4EBB	#	
⺆	冂	U+2E86	U+5182	#	*
⺇	𠘨	U+2E87	U+20628	B	
⺈	𠂊	U+2E88	U+2008A	B	*
⺉	刂	U+2E89	U+5202	#	
⺊	卜	U+2E8A	U+535C	#	*
⺋	㔾	U+2E8B	U+353E	A	
⺌	小	U+2E8C	U+5C0F	#	*
⺍	𭕄	U+2E8D	U+2D544	F	
⺎	兀	U+2E8E	U+5140	#	
⺏	尣	U+2E8F	U+5C23	#	
⺐	尢	U+2E90	U+5C22	#	
⺑	𡯂	U+2E91	U+21BC2	B	
⺒	巳	U+2E92	U+5DF3	#	
⺓	幺	U+2E93	U+5E7A	#	
⺔	彑	U+2E94	U+5F51	#	
⺕	彐	U+2E95	U+5F50	#	
⺖	忄	U+2E96	U+5FC4	#	
⺗	㣺	U+2E97	U+38FA	A	
⺘	扌	U+2E98	U+624C	#	
⺙	攵	U+2E99	U+6535	#	
⺛	旡	U+2E9B	U+65E1	#	
⺜	冃	U+2E9C	U+5183	#	*
⺝	月	U+2E9D	U+6708	#	*
⺞	歺	U+2E9E	U+6B7A	#	
⺟	母	U+2E9F	U+6BCD	#	
⺠	民	U+2EA0	U+6C11	#	
⺡	氵	U+2EA1	U+6C35	#	
⺢	氺	U+2EA2	U+6C3A	#	
⺣	灬	U+2EA3	U+706C	#	
⺤	爫	U+2EA4	U+722B	#	
⺥	爫	U+2EA5	U+722B	#	*
⺦	丬	U+2EA6	U+4E2C	#	
⺧	牛	U+2EA7	U+725B	#	*
⺨	犭	U+2EA8	U+72AD	#	
⺩	𤣩	U+2EA9	U+248E9	B	
⺪	𤴔	U+2EAA	U+24D14	B	
⺫	罒	U+2EAB	U+7F52	#	
⺬	示	U+2EAC	U+793A	#	*
⺭	礻	U+2EAD	U+793B	#	
⺮	𥫗	U+2EAE	U+25AD7	B	
⺯	糹	U+2EAF	U+7CF9	#	
⺰	纟	U+2EB0	U+7E9F	#	
⺱	罓	U+2EB1	U+7F53	#	
⺲	罒	U+2EB2	U+7F52	#	
⺳	㓁	U+2EB3	U+34C1	A	
⺴	㓁	U+2EB4	U+34C1	A	*
⺵	𦉫	U+2EB5	U+2626B	B	
⺶	羊	U+2EB6	U+7F8A	#	*
⺷	𦍌	U+2EB7	U+2634C	B	
⺸	𦍋	U+2EB8	U+2634B	B	*
⺹	耂	U+2EB9	U+8002	#	
⺺	肀	U+2EBA	U+8080	#	
⺻	聿	U+2EBB	U+807F	#	*
⺼	肉	U+2EBC	U+8089	#	*
⺽	𦥑	U+2EBD	U+26951	B	
⺾	艹	U+2EBE	U+8279	#	
⺿	艹	U+2EBF	U+8279	#	*
⻀	艹	U+2EC0	U+8279	#	*
⻁	虎	U+2EC1	U+864E	#	
⻂	衤	U+2EC2	U+8864	#	
⻃	覀	U+2EC3	U+8980	#	
⻄	西	U+2EC4	U+897F	#	
⻅	见	U+2EC5	U+89C1	#	
⻆	角	U+2EC6	U+89D2	#	
⻇	𧢲	U+2EC7	U+278B2	B	
⻈	讠	U+2EC8	U+8BA0	#	
⻉	贝	U+2EC9	U+8D1D	#	
⻊	𧾷	U+2ECA	U+27FB7	B	
⻋	车	U+2ECB	U+8F66	#	
⻌	辶	U+2ECC	U+8FB6	#	
⻍	辶	U+2ECD	U+8FB6	#	*
⻎	辶	U+2ECE	U+8FB6	#	*
⻏	阝	U+2ECF	U+961D	#	
⻐	钅	U+2ED0	U+9485	#	
⻑	長	U+2ED1	U+9577	#	
⻒	镸	U+2ED2	U+9578	#	
⻓	长	U+2ED3	U+957F	#	
⻔	门	U+2ED4	U+95E8	#	
⻕	𨸏	U+2ED5	U+28E0F	B	
⻖	阝	U+2ED6	U+961D	#	
⻗	雨	U+2ED7	U+96E8	#	*
⻘	青	U+2ED8	U+9752	#	
⻙	韦	U+2ED9	U+97E6	#	
⻚	页	U+2EDA	U+9875	#	
⻛	风	U+2EDB	U+98CE	#	
⻜	飞	U+2EDC	U+98DE	#	
⻝	食	U+2EDD	U+98DF	#	
⻞	𩙿	U+2EDE	U+98E0	B	
⻟	飠	U+2EDF	U+2967F	#	
⻠	饣	U+2EE0	U+9963	#	
⻡	𩠐	U+2EE1	U+29810	B	
⻢	马	U+2EE2	U+9A6C	#	
⻣	骨	U+2EE3	U+9AA8	#	
⻤	鬼	U+2EE4	U+9B3C	#	
⻥	鱼	U+2EE5	U+9C7C	#	
⻦	鸟	U+2EE6	U+9E1F	#	
⻧	卤	U+2EE7	U+5364	#	
⻨	麦	U+2EE8	U+9EA6	#	
⻩	黄	U+2EE9	U+9EC4	#	
⻪	黾	U+2EEA	U+9EFE	#	
⻫	斉	U+2EEB	U+6589	#	
⻬	齐	U+2EEC	U+9F50	#	
⻭	歯	U+2EED	U+6B6F	#	
⻮	齿	U+2EEE	U+9F7F	#	
⻯	竜	U+2EEF	U+7ADC	#	
⻰	龙	U+2EF0	U+9F99	#	
⻱	龜	U+2EF1	U+9F9C	#	
⻲	亀	U+2EF2	U+4E80	#	
⻳	龟	U+2EF3	U+9F9F	#	
⼀	一	U+2F00	U+4E00	#	
⼁	丨	U+2F01	U+4E28	#	
⼂	丶	U+2F02	U+4E36	#	
⼃	丿	U+2F03	U+4E3F	#	
⼄	乙	U+2F04	U+4E59	#	
⼅	亅	U+2F05	U+4E85	#	
⼆	二	U+2F06	U+4E8C	#	
⼇	亠	U+2F07	U+4EA0	#	
⼈	人	U+2F08	U+4EBA	#	
⼉	儿	U+2F09	U+513F	#	
⼊	入	U+2F0A	U+5165	#	
⼋	八	U+2F0B	U+516B	#	
⼌	冂	U+2F0C	U+5182	#	
⼍	冖	U+2F0D	U+5196	#	
⼎	冫	U+2F0E	U+51AB	#	
⼏	几	U+2F0F	U+51E0	#	
⼐	凵	U+2F10	U+51F5	#	
⼑	刀	U+2F11	U+5200	#	
⼒	力	U+2F12	U+529B	#	
⼓	勹	U+2F13	U+52F9	#	
⼔	匕	U+2F14	U+5315	#	
⼕	匚	U+2F15	U+531A	#	
⼖	匸	U+2F16	U+5338	#	
⼗	十	U+2F17	U+5341	#	
⼘	卜	U+2F18	U+535C	#	
⼙	卩	U+2F19	U+5369	#	
⼚	厂	U+2F1A	U+5382	#	
⼛	厶	U+2F1B	U+53B6	#	
⼜	又	U+2F1C	U+53C8	#	
⼝	口	U+2F1D	U+53E3	#	
⼞	口	U+2F1E	U+53E3	#	
⼟	土	U+2F1F	U+571F	#	
⼠	土	U+2F20	U+571F	#	
⼡	夂	U+2F21	U+5902	#	
⼢	夊	U+2F22	U+590A	#	
⼣	夕	U+2F23	U+5915	#	
⼤	大	U+2F24	U+5927	#	
⼥	女	U+2F25	U+5973	#	
⼦	子	U+2F26	U+5B50	#	
⼧	宀	U+2F27	U+5B80	#	
⼨	寸	U+2F28	U+5BF8	#	
⼩	小	U+2F29	U+5C0F	#	
⼪	尢	U+2F2A	U+5C22	#	
⼫	尸	U+2F2B	U+5C38	#	
⼬	屮	U+2F2C	U+5C6E	#	
⼭	山	U+2F2D	U+5C71	#	
⼮	巛	U+2F2E	U+5DDB	#	
⼯	工	U+2F2F	U+5DE5	#	
⼰	己	U+2F30	U+5DF1	#	
⼱	巾	U+2F31	U+5DFE	#	
⼲	干	U+2F32	U+5E72	#	
⼳	幺	U+2F33	U+5E7A	#	
⼴	广	U+2F34	U+5E7F	#	
⼵	廴	U+2F35	U+5EF4	#	
⼶	廾	U+2F36	U+5EFE	#	
⼷	弋	U+2F37	U+5F0B	#	
⼸	弓	U+2F38	U+5F13	#	
⼹	彐	U+2F39	U+5F50	#	
⼺	彡	U+2F3A	U+5F61	#	
⼻	彳	U+2F3B	U+5F73	#	
⼼	心	U+2F3C	U+5FC3	#	
⼽	戈	U+2F3D	U+6208	#	
⼾	戶	U+2F3E	U+6236	#	
⼿	手	U+2F3F	U+624B	#	
⽀	支	U+2F40	U+652F	#	
⽁	攴	U+2F41	U+6534	#	
⽂	文	U+2F42	U+6587	#	
⽃	斗	U+2F43	U+6597	#	
⽄	斤	U+2F44	U+65A4	#	
⽅	方	U+2F45	U+65B9	#	
⽆	无	U+2F46	U+65E0	#	
⽇	日	U+2F47	U+65E5	#	
⽈	曰	U+2F48	U+66F0	#	
⽉	月	U+2F49	U+6708	#	
⽊	木	U+2F4A	U+6728	#	
⽋	欠	U+2F4B	U+6B20	#	
⽌	止	U+2F4C	U+6B62	#	
⽍	歹	U+2F4D	U+6B79	#	
⽎	殳	U+2F4E	U+6BB3	#	
⽏	毋	U+2F4F	U+6BCB	#	
⽐	比	U+2F50	U+6BD4	#	
⽑	毛	U+2F51	U+6BDB	#	
⽒	氏	U+2F52	U+6C0F	#	
⽓	气	U+2F53	U+6C14	#	
⽔	水	U+2F54	U+6C34	#	
⽕	火	U+2F55	U+706B	#	
⽖	爪	U+2F56	U+722A	#	
⽗	父	U+2F57	U+7236	#	
⽘	爻	U+2F58	U+723B	#	
⽙	爿	U+2F59	U+723F	#	
⽚	片	U+2F5A	U+7247	#	
⽛	牙	U+2F5B	U+7259	#	
⽜	牛	U+2F5C	U+725B	#	
⽝	犬	U+2F5D	U+72AC	#	
⽞	玄	U+2F5E	U+7384	#	
⽟	玉	U+2F5F	U+7389	#	
⽠	瓜	U+2F60	U+74DC	#	
⽡	瓦	U+2F61	U+74E6	#	
⽢	甘	U+2F62	U+7518	#	
⽣	生	U+2F63	U+751F	#	
⽤	用	U+2F64	U+7528	#	
⽥	田	U+2F65	U+7530	#	
⽦	疋	U+2F66	U+758B	#	
⽧	疒	U+2F67	U+7592	#	
⽨	癶	U+2F68	U+7676	#	
⽩	白	U+2F69	U+767D	#	
⽪	皮	U+2F6A	U+76AE	#	
⽫	皿	U+2F6B	U+76BF	#	
⽬	目	U+2F6C	U+76EE	#	
⽭	矛	U+2F6D	U+77DB	#	
⽮	矢	U+2F6E	U+77E2	#	
⽯	石	U+2F6F	U+77F3	#	
⽰	示	U+2F70	U+793A	#	
⽱	禸	U+2F71	U+79B8	#	
⽲	禾	U+2F72	U+79BE	#	
⽳	穴	U+2F73	U+7A74	#	
⽴	立	U+2F74	U+7ACB	#	
⽵	竹	U+2F75	U+7AF9	#	
⽶	米	U+2F76	U+7C73	#	
⽷	糸	U+2F77	U+7CF8	#	
⽸	缶	U+2F78	U+7F36	#	
⽹	网	U+2F79	U+7F51	#	
⽺	羊	U+2F7A	U+7F8A	#	
⽻	羽	U+2F7B	U+7FBD	#	
⽼	老	U+2F7C	U+8001	#	
⽽	而	U+2F7D	U+800C	#	
⽾	耒	U+2F7E	U+8012	#	
⽿	耳	U+2F7F	U+8033	#	
⾀	聿	U+2F80	U+807F	#	
⾁	肉	U+2F81	U+8089	#	
⾂	臣	U+2F82	U+81E3	#	
⾃	自	U+2F83	U+81EA	#	
⾄	至	U+2F84	U+81F3	#	
⾅	臼	U+2F85	U+81FC	#	
⾆	舌	U+2F86	U+820C	#	
⾇	舛	U+2F87	U+821B	#	
⾈	舟	U+2F88	U+821F	#	
⾉	艮	U+2F89	U+826E	#	
⾊	色	U+2F8A	U+8272	#	
⾋	艸	U+2F8B	U+8278	#	
⾌	虍	U+2F8C	U+864D	#	
⾍	虫	U+2F8D	U+866B	#	
⾎	血	U+2F8E	U+8840	#	
⾏	行	U+2F8F	U+884C	#	
⾐	衣	U+2F90	U+8863	#	
⾑	襾	U+2F91	U+897E	#	
⾒	見	U+2F92	U+898B	#	
⾓	角	U+2F93	U+89D2	#	
⾔	言	U+2F94	U+8A00	#	
⾕	谷	U+2F95	U+8C37	#	
⾖	豆	U+2F96	U+8C46	#	
⾗	豕	U+2F97	U+8C55	#	
⾘	豸	U+2F98	U+8C78	#	
⾙	貝	U+2F99	U+8C9D	#	
⾚	赤	U+2F9A	U+8D64	#	
⾛	走	U+2F9B	U+8D70	#	
⾜	足	U+2F9C	U+8DB3	#	
⾝	身	U+2F9D	U+8EAB	#	
⾞	車	U+2F9E	U+8ECA	#	
⾟	辛	U+2F9F	U+8F9B	#	
⾠	辰	U+2FA0	U+8FB0	#	
⾡	辵	U+2FA1	U+8FB5	#	
⾢	邑	U+2FA2	U+9091	#	
⾣	酉	U+2FA3	U+9149	#	
⾤	釆	U+2FA4	U+91C6	#	
⾥	里	U+2FA5	U+91CC	#	
⾦	金	U+2FA6	U+91D1	#	
⾧	長	U+2FA7	U+9577	#	
⾨	門	U+2FA8	U+9580	#	
⾩	阜	U+2FA9	U+961C	#	
⾪	隶	U+2FAA	U+96B6	#	
⾫	隹	U+2FAB	U+96B9	#	
⾬	雨	U+2FAC	U+96E8	#	
⾭	靑	U+2FAD	U+9751	#	
⾮	非	U+2FAE	U+975E	#	
⾯	面	U+2FAF	U+9762	#	
⾰	革	U+2FB0	U+9769	#	
⾱	韋	U+2FB1	U+97CB	#	
⾲	韭	U+2FB2	U+97ED	#	
⾳	音	U+2FB3	U+97F3	#	
⾴	頁	U+2FB4	U+9801	#	
⾵	風	U+2FB5	U+98A8	#	
⾶	飛	U+2FB6	U+98DB	#	
⾷	食	U+2FB7	U+98DF	#	
⾸	首	U+2FB8	U+9996	#	
⾹	香	U+2FB9	U+9999	#	
⾺	馬	U+2FBA	U+99AC	#	
⾻	骨	U+2FBB	U+9AA8	#	
⾼	高	U+2FBC	U+9AD8	#	
⾽	髟	U+2FBD	U+9ADF	#	
⾾	鬥	U+2FBE	U+9B25	#	
⾿	鬯	U+2FBF	U+9B2F	#	
⿀	鬲	U+2FC0	U+9B32	#	
⿁	鬼	U+2FC1	U+9B3C	#	
⿂	魚	U+2FC2	U+9B5A	#	
⿃	鳥	U+2FC3	U+9CE5	#	
⿄	鹵	U+2FC4	U+9E75	#	
⿅	鹿	U+2FC5	U+9E7F	#	
⿆	麥	U+2FC6	U+9EA5	#	
⿇	麻	U+2FC7	U+9EBB	#	
⿈	黃	U+2FC8	U+9EC3	#	
⿉	黍	U+2FC9	U+9ECD	#	
⿊	黑	U+2FCA	U+9ED1	#	
⿋	黹	U+2FCB	U+9EF9	#	
⿌	黽	U+2FCC	U+9EFD	#	
⿍	鼎	U+2FCD	U+9F0E	#	
⿎	鼓	U+2FCE	U+9F13	#	
⿏	鼠	U+2FCF	U+9F20	#	
⿐	鼻	U+2FD0	U+9F3B	#	
⿑	齊	U+2FD1	U+9F4A	#	
⿒	齒	U+2FD2	U+9F52	#	
⿓	龍	U+2FD3	U+9F8D	#	
⿔	龜	U+2FD4	U+9F9C	#	*
⿕	龠	U+2FD5	U+9FA0	#	
〸	十	U+3038	U+5341	#	
〹	卄	U+3039	U+5344	#	
〺	卅	U+303A	U+5345	#	
イ	亻	U+30A4	U+4EBB	#	
エ	工	U+30A8	U+5DE5	#	
カ	力	U+30AB	U+529B	#	
タ	夕	U+30BF	U+5915	#	
ト	卜	U+30C8	U+535C	#	
ニ	二	U+30CB	U+4E8C	#	
ハ	八	U+30CF	U+516B	#	
ロ	口	U+30ED	U+53E3	#	
ㄦ	儿	U+3126	U+513F	#	
㇖	乛	U+31D6	U+4E5B	#	
㇚	亅	U+31DA	U+4E85	#	
㇟	乚	U+31DF	U+4E5A	#	
㇠	乙	U+31E0	U+4E59	#	
豈	豈	U+F900	U+8C48	#	
更	更	U+F901	U+66F4	#	
車	車	U+F902	U+8ECA	#	
賈	賈	U+F903	U+8CC8	#	
滑	滑	U+F904	U+6ED1	#	
串	串	U+F905	U+4E32	#	
句	句	U+F906	U+53E5	#	
龜	龜	U+F907	U+9F9C	#	*
龜	龜	U+F908	U+9F9C	#	*
契	契	U+F909	U+5951	#	
金	金	U+F90A	U+91D1	#	
喇	喇	U+F90B	U+5587	#	
奈	奈	U+F90C	U+5948	#	
懶	懶	U+F90D	U+61F6	#	
癩	癩	U+F90E	U+7669	#	
羅	羅	U+F90F	U+7F85	#	
蘿	蘿	U+F910	U+863F	#	
螺	螺	U+F911	U+87BA	#	
裸	裸	U+F912	U+88F8	#	
邏	邏	U+F913	U+908F	#	
樂	樂	U+F914	U+6A02	#	
洛	洛	U+F915	U+6D1B	#	
烙	烙	U+F916	U+70D9	#	
珞	珞	U+F917	U+73DE	#	
落	落	U+F918	U+843D	#	
酪	酪	U+F919	U+916A	#	
駱	駱	U+F91A	U+99F1	#	
亂	亂	U+F91B	U+4E82	#	
卵	卵	U+F91C	U+5375	#	
欄	欄	U+F91D	U+6B04	#	
爛	爛	U+F91E	U+721B	#	
蘭	蘭	U+F91F	U+862D	#	
鸞	鸞	U+F920	U+9E1E	#	
嵐	嵐	U+F921	U+5D50	#	
濫	濫	U+F922	U+6FEB	#	
藍	藍	U+F923	U+85CD	#	
襤	襤	U+F924	U+8964	#	
拉	拉	U+F925	U+62C9	#	
臘	臘	U+F926	U+81D8	#	
蠟	蠟	U+F927	U+881F	#	
廊	廊	U+F928	U+5ECA	#	
朗	朗	U+F929	U+6717	#	
浪	浪	U+F92A	U+6D6A	#	
狼	狼	U+F92B	U+72FC	#	
郎	郎	U+F92C	U+90CE	#	
來	來	U+F92D	U+4F86	#	
冷	冷	U+F92E	U+51B7	#	
勞	勞	U+F92F	U+52DE	#	
擄	擄	U+F930	U+64C4	#	
櫓	櫓	U+F931	U+6AD3	#	
爐	爐	U+F932	U+7210	#	
盧	盧	U+F933	U+76E7	#	
老	老	U+F934	U+8001	#	
蘆	蘆	U+F935	U+8606	#	
虜	虜	U+F936	U+865C	#	
路	路	U+F937	U+8DEF	#	
露	露	U+F938	U+9732	#	
魯	魯	U+F939	U+9B6F	#	
鷺	鷺	U+F93A	U+9DFA	#	
碌	碌	U+F93B	U+788C	#	
祿	祿	U+F93C	U+797F	#	
綠	綠	U+F93D	U+7DA0	#	
菉	菉	U+F93E	U+83C9	#	
錄	錄	U+F93F	U+9304	#	
鹿	鹿	U+F940	U+9E7F	#	
論	論	U+F941	U+8AD6	#	
壟	壟	U+F942	U+58DF	#	
弄	弄	U+F943	U+5F04	#	
籠	籠	U+F944	U+7C60	#	
聾	聾	U+F945	U+807E	#	
牢	牢	U+F946	U+7262	#	
磊	磊	U+F947	U+78CA	#	
賂	賂	U+F948	U+8CC2	#	
雷	雷	U+F949	U+96F7	#	
壘	壘	U+F94A	U+58D8	#	
屢	屢	U+F94B	U+5C62	#	
樓	樓	U+F94C	U+6A13	#	
淚	淚	U+F94D	U+6DDA	#	
漏	漏	U+F94E	U+6F0F	#	
累	累	U+F94F	U+7D2F	#	
縷	縷	U+F950	U+7E37	#	
陋	陋	U+F951	U+964B	#	
勒	勒	U+F952	U+52D2	#	
肋	肋	U+F953	U+808B	#	
凜	凜	U+F954	U+51DC	#	
凌	凌	U+F955	U+51CC	#	
稜	稜	U+F956	U+7A1C	#	
綾	綾	U+F957	U+7DBE	#	
菱	菱	U+F958	U+83F1	#	
陵	陵	U+F959	U+9675	#	
讀	讀	U+F95A	U+8B80	#	
拏	拏	U+F95B	U+62CF	#	
樂	樂	U+F95C	U+6A02	#	
諾	諾	U+F95D	U+8AFE	#	
丹	丹	U+F95E	U+4E39	#	
寧	寧	U+F95F	U+5BE7	#	
怒	怒	U+F960	U+6012	#	
率	率	U+F961	U+7387	#	
異	異	U+F962	U+7570	#	
北	北	U+F963	U+5317	#	
磻	磻	U+F964	U+78FB	#	
便	便	U+F965	U+4FBF	#	
復	復	U+F966	U+5FA9	#	
不	不	U+F967	U+4E0D	#	
泌	泌	U+F968	U+6CCC	#	
數	數	U+F969	U+6578	#	
索	索	U+F96A	U+7D22	#	
參	參	U+F96B	U+53C3	#	
塞	塞	U+F96C	U+585E	#	
省	省	U+F96D	U+7701	#	
葉	葉	U+F96E	U+8449	#	
說	說	U+F96F	U+8AAA	#	
殺	殺	U+F970	U+6BBA	#	
辰	辰	U+F971	U+8FB0	#	
沈	沈	U+F972	U+6C88	#	
拾	拾	U+F973	U+62FE	#	
若	若	U+F974	U+82E5	#	
掠	掠	U+F975	U+63A0	#	
略	略	U+F976	U+7565	#	
亮	亮	U+F977	U+4EAE	#	
兩	兩	U+F978	U+5169	#	
凉	凉	U+F979	U+51C9	#	
梁	梁	U+F97A	U+6881	#	
糧	糧	U+F97B	U+7CE7	#	
良	良	U+F97C	U+826F	#	
諒	諒	U+F97D	U+8AD2	#	
量	量	U+F97E	U+91CF	#	
勵	勵	U+F97F	U+52F5	#	
呂	呂	U+F980	U+5442	#	
女	女	U+F981	U+5973	#	
廬	廬	U+F982	U+5EEC	#	
旅	旅	U+F983	U+65C5	#	
濾	濾	U+F984	U+6FFE	#	
礪	礪	U+F985	U+792A	#	
閭	閭	U+F986	U+95AD	#	
驪	驪	U+F987	U+9A6A	#	
麗	麗	U+F988	U+9E97	#	
黎	黎	U+F989	U+9ECE	#	
力	力	U+F98A	U+529B	#	
曆	曆	U+F98B	U+66C6	#	
歷	歷	U+F98C	U+6B77	#	
轢	轢	U+F98D	U+8F62	#	
年	年	U+F98E	U+5E74	#	
憐	憐	U+F98F	U+6190	#	
戀	戀	U+F990	U+6200	#	
撚	撚	U+F991	U+649A	#	
漣	漣	U+F992	U+6F23	#	
煉	煉	U+F993	U+7149	#	
璉	璉	U+F994	U+7489	#	
秊	秊	U+F995	U+79CA	#	
練	練	U+F996	U+7DF4	#	
聯	聯	U+F997	U+806F	#	
輦	輦	U+F998	U+8F26	#	
蓮	蓮	U+F999	U+84EE	#	
連	連	U+F99A	U+9023	#	
鍊	鍊	U+F99B	U+934A	#	
列	列	U+F99C	U+5217	#	
劣	劣	U+F99D	U+52A3	#	
咽	咽	U+F99E	U+54BD	#	
烈	烈	U+F99F	U+70C8	#	
裂	裂	U+F9A0	U+88C2	#	
說	說	U+F9A1	U+8AAA	#	
廉	廉	U+F9A2	U+5EC9	#	
念	念	U+F9A3	U+5FF5	#	
捻	捻	U+F9A4	U+637B	#	
殮	殮	U+F9A5	U+6BAE	#	
簾	簾	U+F9A6	U+7C3E	#	
獵	獵	U+F9A7	U+7375	#	
令	令	U+F9A8	U+4EE4	#	
囹	囹	U+F9A9	U+56F9	#	
寧	寧	U+F9AA	U+5BE7	#	
嶺	嶺	U+F9AB	U+5DBA	#	
怜	怜	U+F9AC	U+601C	#	
玲	玲	U+F9AD	U+73B2	#	
瑩	瑩	U+F9AE	U+7469	#	
羚	羚	U+F9AF	U+7F9A	#	
聆	聆	U+F9B0	U+8046	#	
鈴	鈴	U+F9B1	U+9234	#	
零	零	U+F9B2	U+96F6	#	
靈	靈	U+F9B3	U+9748	#	
領	領	U+F9B4	U+9818	#	
例	例	U+F9B5	U+4F8B	#	
禮	禮	U+F9B6	U+79AE	#	
醴	醴	U+F9B7	U+91B4	#	
隸	隷	U+F9B8	U+96B7	#	
惡	惡	U+F9B9	U+60E1	#	
了	了	U+F9BA	U+4E86	#	
僚	僚	U+F9BB	U+50DA	#	
寮	寮	U+F9BC	U+5BEE	#	
尿	尿	U+F9BD	U+5C3F	#	
料	料	U+F9BE	U+6599	#	
樂	樂	U+F9BF	U+6A02	#	
燎	燎	U+F9C0	U+71CE	#	
療	療	U+F9C1	U+7642	#	
蓼	蓼	U+F9C2	U+84FC	#	
遼	遼	U+F9C3	U+907C	#	
龍	龍	U+F9C4	U+9F8D	#	
暈	暈	U+F9C5	U+6688	#	
阮	阮	U+F9C6	U+962E	#	
劉	劉	U+F9C7	U+5289	#	
杻	杻	U+F9C8	U+677B	#	
柳	柳	U+F9C9	U+67F3	#	
流	流	U+F9CA	U+6D41	#	
溜	溜	U+F9CB	U+6E9C	#	
琉	琉	U+F9CC	U+7409	#	
留	留	U+F9CD	U+7559	#	
硫	硫	U+F9CE	U+786B	#	
紐	紐	U+F9CF	U+7D10	#	
類	類	U+F9D0	U+985E	#	
六	六	U+F9D1	U+516D	#	
戮	戮	U+F9D2	U+622E	#	
陸	陸	U+F9D3	U+9678	#	
倫	倫	U+F9D4	U+502B	#	
崙	崙	U+F9D5	U+5D19	#	
淪	淪	U+F9D6	U+6DEA	#	
輪	輪	U+F9D7	U+8F2A	#	
律	律	U+F9D8	U+5F8B	#	
慄	慄	U+F9D9	U+6144	#	
栗	栗	U+F9DA	U+6817	#	
率	率	U+F9DB	U+7387	#	
隆	隆	U+F9DC	U+9686	#	
利	利	U+F9DD	U+5229	#	
吏	吏	U+F9DE	U+540F	#	
履	履	U+F9DF	U+5C65	#	
易	易	U+F9E0	U+6613	#	
李	李	U+F9E1	U+674E	#	
梨	梨	U+F9E2	U+68A8	#	
泥	泥	U+F9E3	U+6CE5	#	
理	理	U+F9E4	U+7406	#	
痢	痢	U+F9E5	U+75E2	#	
罹	罹	U+F9E6	U+7F79	#	
裏	裏	U+F9E7	U+88CF	#	
裡	裡	U+F9E8	U+88E1	#	
里	里	U+F9E9	U+91CC	#	
離	離	U+F9EA	U+96E2	#	
匿	匿	U+F9EB	U+533F	#	
溺	溺	U+F9EC	U+6EBA	#	
吝	吝	U+F9ED	U+541D	#	
燐	燐	U+F9EE	U+71D0	#	
璘	璘	U+F9EF	U+7498	#	
藺	藺	U+F9F0	U+85FA	#	
隣	隣	U+F9F1	U+96A3	#	
鱗	鱗	U+F9F2	U+9C57	#	
麟	麟	U+F9F3	U+9E9F	#	
林	林	U+F9F4	U+6797	#	
淋	淋	U+F9F5	U+6DCB	#	
臨	臨	U+F9F6	U+81E8	#	
立	立	U+F9F7	U+7ACB	#	
笠	笠	U+F9F8	U+7B20	#	
粒	粒	U+F9F9	U+7C92	#	
狀	狀	U+F9FA	U+72C0	#	
炙	炙	U+F9FB	U+7099	#	
識	識	U+F9FC	U+8B58	#	
什	什	U+F9FD	U+4EC0	#	
茶	茶	U+F9FE	U+8336	#	
刺	刺	U+F9FF	U+523A	#	
切	切	U+FA00	U+5207	#	
度	度	U+FA01	U+5EA6	#	
拓	拓	U+FA02	U+62D3	#	
糖	糖	U+FA03	U+7CD6	#	
宅	宅	U+FA04	U+5B85	#	
洞	洞	U+FA05	U+6D1E	#	
暴	暴	U+FA06	U+66B4	#	
輻	輻	U+FA07	U+8F3B	#	
行	行	U+FA08	U+884C	#	
降	降	U+FA09	U+964D	#	
見	見	U+FA0A	U+898B	#	
廓	廓	U+FA0B	U+5ED3	#	
兀	兀	U+FA0C	U+5140	#	
嗀	嗀	U+FA0D	U+55C0	#	
塚	塚	U+FA10	U+585A	#	
晴	晴	U+FA12	U+6674	#	
凞	凞	U+FA15	U+51DE	#	
猪	猪	U+FA16	U+732A	#	
益	益	U+FA17	U+76CA	#	
礼	礼	U+FA18	U+793C	#	
神	神	U+FA19	U+795E	#	
祥	祥	U+FA1A	U+7965	#	
福	福	U+FA1B	U+798F	#	
靖	靖	U+FA1C	U+9756	#	
精	精	U+FA1D	U+7CBE	#	
羽	羽	U+FA1E	U+7FBD	#	
蘒	蘒	U+FA20	U+8612	#	
諸	諸	U+FA22	U+8AF8	#	
逸	逸	U+FA25	U+9038	#	
都	都	U+FA26	U+90FD	#	
飯	飯	U+FA2A	U+98EF	#	
飼	飼	U+FA2B	U+98FC	#	
館	館	U+FA2C	U+9928	#	
鶴	鶴	U+FA2D	U+9DB4	#	
郞	郎	U+FA2E	U+90CE	#	
隷	隷	U+FA2F	U+96B7	#	
侮	侮	U+FA30	U+4FAE	#	
僧	僧	U+FA31	U+50E7	#	
免	免	U+FA32	U+514D	#	
勉	勉	U+FA33	U+52C9	#	
勤	勤	U+FA34	U+52E4	#	
卑	卑	U+FA35	U+5351	#	
喝	喝	U+FA36	U+559D	#	
嘆	嘆	U+FA37	U+5606	#	
器	器	U+FA38	U+5668	#	
塀	塀	U+FA39	U+5840	#	
墨	墨	U+FA3A	U+58A8	#	
層	層	U+FA3B	U+5C64	#	
屮	屮	U+FA3C	U+5C6E	#	
悔	悔	U+FA3D	U+6094	#	
慨	慨	U+FA3E	U+6168	#	
憎	憎	U+FA3F	U+618E	#	
懲	懲	U+FA40	U+61F2	#	
敏	敏	U+FA41	U+654F	#	
既	既	U+FA42	U+65E2	#	
暑	暑	U+FA43	U+6691	#	
梅	梅	U+FA44	U+6885	#	
海	海	U+FA45	U+6D77	#	
渚	渚	U+FA46	U+6E1A	#	
漢	漢	U+FA47	U+6F22	#	
煮	煮	U+FA48	U+716E	#	
爫	爫	U+FA49	U+722B	#	
琢	琢	U+FA4A	U+7422	#	
碑	碑	U+FA4B	U+7891	#	
社	社	U+FA4C	U+793E	#	
祉	祉	U+FA4D	U+7949	#	
祈	祈	U+FA4E	U+7948	#	
祐	祐	U+FA4F	U+7950	#	
祖	祖	U+FA50	U+7956	#	
祝	祝	U+FA51	U+795D	#	
禍	禍	U+FA52	U+798D	#	
禎	禎	U+FA53	U+798E	#	
穀	穀	U+FA54	U+7A40	#	
突	突	U+FA55	U+7A81	#	
節	節	U+FA56	U+7BC0	#	
練	練	U+FA57	U+7DF4	#	
縉	縉	U+FA58	U+7E09	#	
繁	繁	U+FA59	U+7E41	#	
署	署	U+FA5A	U+7F72	#	
者	者	U+FA5B	U+8005	#	
臭	臭	U+FA5C	U+81ED	#	
艹	艹	U+FA5D	U+8279	#	*
艹	艹	U+FA5E	U+8279	#	*
著	著	U+FA5F	U+8457	#	
褐	褐	U+FA60	U+8910	#	
視	視	U+FA61	U+8996	#	
謁	謁	U+FA62	U+8B01	#	
謹	謹	U+FA63	U+8B39	#	
賓	賓	U+FA64	U+8CD3	#	
贈	贈	U+FA65	U+8D08	#	
辶	辶	U+FA66	U+8FB6	#	
逸	逸	U+FA67	U+9038	#	
難	難	U+FA68	U+96E3	#	
響	響	U+FA69	U+97FF	#	
頻	頻	U+FA6A	U+983B	#	
恵	恵	U+FA6B	U+6075	#	
𤋮	𤋮	U+FA6C	U+242EE	B	
舘	舘	U+FA6D	U+8218	#	
並	並	U+FA70	U+4E26	#	
况	况	U+FA71	U+51B5	#	
全	全	U+FA72	U+5168	#	
侀	侀	U+FA73	U+4F80	#	
充	充	U+FA74	U+5145	#	
冀	冀	U+FA75	U+5180	#	
勇	勇	U+FA76	U+52C7	#	
勺	勺	U+FA77	U+52FA	#	
喝	喝	U+FA78	U+559D	#	
啕	啕	U+FA79	U+5555	#	
喙	喙	U+FA7A	U+5599	#	
嗢	嗢	U+FA7B	U+55E2	#	
塚	塚	U+FA7C	U+585A	#	
墳	墳	U+FA7D	U+58B3	#	
奄	奄	U+FA7E	U+5944	#	
奔	奔	U+FA7F	U+5954	#	
婢	婢	U+FA80	U+5A62	#	
嬨	嬨	U+FA81	U+5B28	#	
廒	廒	U+FA82	U+5ED2	#	
廙	廙	U+FA83	U+5ED9	#	
彩	彩	U+FA84	U+5F69	#	
徭	徭	U+FA85	U+5FAD	#	
惘	惘	U+FA86	U+60D8	#	
慎	慎	U+FA87	U+614E	#	
愈	愈	U+FA88	U+6108	#	
憎	憎	U+FA89	U+618E	#	
慠	慠	U+FA8A	U+6160	#	
懲	懲	U+FA8B	U+61F2	#	
戴	戴	U+FA8C	U+6234	#	
揄	揄	U+FA8D	U+63C4	#	
搜	搜	U+FA8E	U+641C	#	
摒	摒	U+FA8F	U+6452	#	
敖	敖	U+FA90	U+6556	#	
晴	晴	U+FA91	U+6674	#	
朗	朗	U+FA92	U+6717	#	
望	望	U+FA93	U+671B	#	
杖	杖	U+FA94	U+6756	#	
歹	歹	U+FA95	U+6B79	#	
殺	殺	U+FA96	U+6BBA	#	
流	流	U+FA97	U+6D41	#	
滛	滛	U+FA98	U+6EDB	#	
滋	滋	U+FA99	U+6ECB	#	
漢	漢	U+FA9A	U+6F22	#	
瀞	瀞	U+FA9B	U+701E	#	
煮	煮	U+FA9C	U+716E	#	
瞧	瞧	U+FA9D	U+77A7	#	
爵	爵	U+FA9E	U+7235	#	
犯	犯	U+FA9F	U+72AF	#	
猪	猪	U+FAA0	U+732A	#	
瑱	瑱	U+FAA1	U+7471	#	
甆	甆	U+FAA2	U+7506	#	
画	画	U+FAA3	U+753B	#	
瘝	瘝	U+FAA4	U+761D	#	
瘟	瘟	U+FAA5	U+761F	#	
益	益	U+FAA6	U+76CA	#	
盛	盛	U+FAA7	U+76DB	#	
直	直	U+FAA8	U+76F4	#	
睊	睊	U+FAA9	U+774A	#	
着	着	U+FAAA	U+7740	#	
磌	磌	U+FAAB	U+78CC	#	
窱	窱	U+FAAC	U+7AB1	#	
節	節	U+FAAD	U+7BC0	#	
类	类	U+FAAE	U+7C7B	#	
絛	絛	U+FAAF	U+7D5B	#	
練	練	U+FAB0	U+7DF4	#	
缾	缾	U+FAB1	U+7F3E	#	
者	者	U+FAB2	U+8005	#	
荒	荒	U+FAB3	U+8352	#	
華	華	U+FAB4	U+83EF	#	
蝹	蝹	U+FAB5	U+8779	#	
襁	襁	U+FAB6	U+8941	#	
覆	覆	U+FAB7	U+8986	#	
視	視	U+FAB8	U+8996	#	
調	調	U+FAB9	U+8ABF	#	
諸	諸	U+FABA	U+8AF8	#	
請	請	U+FABB	U+8ACB	#	
謁	謁	U+FABC	U+8B01	#	
諾	諾	U+FABD	U+8AFE	#	
諭	諭	U+FABE	U+8AED	#	
謹	謹	U+FABF	U+8B39	#	
變	變	U+FAC0	U+8B8A	#	
贈	贈	U+FAC1	U+8D08	#	
輸	輸	U+FAC2	U+8F38	#	
遲	遲	U+FAC3	U+9072	#	
醙	醙	U+FAC4	U+9199	#	
鉶	鉶	U+FAC5	U+9276	#	
陼	陼	U+FAC6	U+967C	#	
難	難	U+FAC7	U+96E3	#	
靖	靖	U+FAC8	U+9756	#	
韛	韛	U+FAC9	U+97DB	#	
響	響	U+FACA	U+97FF	#	
頋	頋	U+FACB	U+980B	#	
頻	頻	U+FACC	U+983B	#	
鬒	鬒	U+FACD	U+9B12	#	
龜	龜	U+FACE	U+9F9C	#	
𢡊	𢡊	U+FACF	U+2284A	B	
𢡄	𢡄	U+FAD0	U+22844	B	
𣏕	𣏕	U+FAD1	U+233D5	B	
㮝	㮝	U+FAD2	U+3B9D	A	
䀘	䀘	U+FAD3	U+4018	A	
䀹	䀹	U+FAD4	U+4039	A	
𥉉	𥉉	U+FAD5	U+25249	B	
𥳐	𥳐	U+FAD6	U+25CD0	B	
𧻓	𧻓	U+FAD7	U+27ED3	B	
齃	齃	U+FAD8	U+9F43	#	
龎	龎	U+FAD9	U+9F8E	#	
丽	丽	U+2F800	U+4E3D	#	
丸	丸	U+2F801	U+4E38	#	
乁	乁	U+2F802	U+4E41	#	
𠄢	𠄢	U+2F803	U+20122	B	
你	你	U+2F804	U+4F60	#	
侮	侮	U+2F805	U+4FAE	#	
侻	侻	U+2F806	U+4FBB	#	
倂	併	U+2F807	U+4F75	#	
偺	偺	U+2F808	U+507A	#	
備	備	U+2F809	U+5099	#	
僧	僧	U+2F80A	U+50E7	#	
像	像	U+2F80B	U+50CF	#	
㒞	㒞	U+2F80C	U+349E	A	
𠘺	𠘺	U+2F80D	U+2063A	B	
免	免	U+2F80E	U+514D	#	
兔	兔	U+2F80F	U+5154	#	
兤	兤	U+2F810	U+5164	#	
具	具	U+2F811	U+5177	#	
𠔜	𠔜	U+2F812	U+2051C	B	
㒹	㒹	U+2F813	U+34B9	A	
內	內	U+2F814	U+5167	#	
再	再	U+2F815	U+518D	#	
𠕋	𠕋	U+2F816	U+2054B	B	
冗	冗	U+2F817	U+5197	#	
冤	冤	U+2F818	U+51A4	#	
仌	仌	U+2F819	U+4ECC	#	
冬	冬	U+2F81A	U+51AC	#	
况	况	U+2F81B	U+51B5	#	
𩇟	𩇟	U+2F81C	U+291DF	B	
凵	凵	U+2F81D	U+51F5	#	
刃	刃	U+2F81E	U+5203	#	
㓟	㓟	U+2F81F	U+34DF	A	
刻	刻	U+2F820	U+523B	#	
剆	剆	U+2F821	U+5246	#	
割	割	U+2F822	U+5272	#	
剷	剷	U+2F823	U+5277	#	
㔕	㔕	U+2F824	U+3515	A	
勇	勇	U+2F825	U+52C7	#	
勉	勉	U+2F826	U+52C9	#	
勤	勤	U+2F827	U+52E4	#	
勺	勺	U+2F828	U+52FA	#	
包	包	U+2F829	U+5305	#	
匆	匆	U+2F82A	U+5306	#	
北	北	U+2F82B	U+5317	#	
卉	卉	U+2F82C	U+5349	#	
卑	卑	U+2F82D	U+5351	#	
博	博	U+2F82E	U+535A	#	
即	即	U+2F82F	U+5373	#	
卽	卽	U+2F830	U+537D	#	
卿	卿	U+2F831	U+537F	#	
卿	卿	U+2F832	U+537F	#	
卿	卿	U+2F833	U+537F	#	
𠨬	𠨬	U+2F834	U+20A2C	B	
灰	灰	U+2F835	U+7070	#	
及	及	U+2F836	U+53CA	#	
叟	叟	U+2F837	U+53DF	#	
𠭣	𠭣	U+2F838	U+20B63	B	
叫	叫	U+2F839	U+53EB	#	
叱	叱	U+2F83A	U+53F1	#	
吆	吆	U+2F83B	U+5406	#	
咞	咞	U+2F83C	U+549E	#	
吸	吸	U+2F83D	U+5438	#	
呈	呈	U+2F83E	U+5448	#	
周	周	U+2F83F	U+5468	#	
咢	咢	U+2F840	U+54A2	#	
哶	哶	U+2F841	U+54F6	#	
唐	唐	U+2F842	U+5510	#	
啓	啓	U+2F843	U+5553	#	
啣	啣	U+2F844	U+5563	#	
善	善	U+2F845	U+5584	#	
善	善	U+2F846	U+5584	#	
喙	喙	U+2F847	U+5599	#	
喫	喫	U+2F848	U+55AB	#	
喳	喳	U+2F849	U+55B3	#	
嗂	嗂	U+2F84A	U+55C2	#	
圖	圖	U+2F84B	U+5716	#	
嘆	嘆	U+2F84C	U+5606	#	
圗	圗	U+2F84D	U+5717	#	
噑	噑	U+2F84E	U+5651	#	
噴	噴	U+2F84F	U+5674	#	
切	切	U+2F850	U+5207	#	
壮	壮	U+2F851	U+58EE	#	
城	城	U+2F852	U+57CE	#	
埴	埴	U+2F853	U+57F4	#	
堍	堍	U+2F854	U+580D	#	
型	型	U+2F855	U+578B	#	
堲	堲	U+2F856	U+5832	#	
報	報	U+2F857	U+5831	#	
墬	墬	U+2F858	U+58AC	#	
𡓤	𡓤	U+2F859	U+214E4	B	
売	売	U+2F85A	U+58F2	#	
壷	壷	U+2F85B	U+58F7	#	
夆	夆	U+2F85C	U+5906	#	
多	多	U+2F85D	U+591A	#	
夢	夢	U+2F85E	U+5922	#	
奢	奢	U+2F85F	U+5962	#	
𡚨	𡚨	U+2F860	U+216A8	B	
𡛪	𡛪	U+2F861	U+216EA	B	
姬	姬	U+2F862	U+59EC	#	
娛	娛	U+2F863	U+5A1B	#	
娧	娧	U+2F864	U+5A27	#	
姘	姘	U+2F865	U+59D8	#	
婦	婦	U+2F866	U+5A66	#	
㛮	㛮	U+2F867	U+36EE	A	
㛼	㛼	U+2F868	U+36FC	A	
嬈	嬈	U+2F869	U+5B08	#	
嬾	嬾	U+2F86A	U+5B3E	#	
嬾	嬾	U+2F86B	U+5B3E	#	
𡧈	𡧈	U+2F86C	U+219C8	B	
寃	寃	U+2F86D	U+5BC3	#	
寘	寘	U+2F86E	U+5BD8	#	
寧	寧	U+2F86F	U+5BE7	#	
寳	寳	U+2F870	U+5BF3	#	
𡬘	𡬘	U+2F871	U+21B18	B	
寿	寿	U+2F872	U+5BFF	#	
将	将	U+2F873	U+5C06	#	
当	当	U+2F874	U+5F53	#	
尢	尢	U+2F875	U+5C22	#	
㞁	㞁	U+2F876	U+3781	A	
屠	屠	U+2F877	U+5C60	#	
屮	屮	U+2F878	U+5C6E	#	
峀	峀	U+2F879	U+5CC0	#	
岍	岍	U+2F87A	U+5C8D	#	
𡷤	𡷤	U+2F87B	U+21DE4	B	
嵃	嵃	U+2F87C	U+5D43	#	
𡷦	𡷦	U+2F87D	U+21DE6	B	
嵮	嵮	U+2F87E	U+5D6E	#	
嵫	嵫	U+2F87F	U+5D6B	#	
嵼	嵼	U+2F880	U+5D7C	#	
巡	巡	U+2F881	U+5DE1	#	
巢	巢	U+2F882	U+5DE2	#	
㠯	㠯	U+2F883	U+382F	A	
巽	巽	U+2F884	U+5DFD	#	
帨	帨	U+2F885	U+5E28	#	
帽	帽	U+2F886	U+5E3D	#	
幩	幩	U+2F887	U+5E69	#	
㡢	㡢	U+2F888	U+3862	A	
𢆃	𢆃	U+2F889	U+22183	B	
㡼	㡼	U+2F88A	U+387C	A	
庰	庰	U+2F88B	U+5EB0	#	
庳	庳	U+2F88C	U+5EB3	#	
庶	庶	U+2F88D	U+5EB6	#	
廊	廊	U+2F88E	U+5ECA	#	
𪎒	𪎒	U+2F88F	U+2A392	B	
廾	廾	U+2F890	U+5EFE	#	
𢌱	𢌱	U+2F891	U+22331	B	
𢌱	𢌱	U+2F892	U+22331	B	
舁	舁	U+2F893	U+8201	#	
弢	弢	U+2F894	U+5F22	#	
弢	弢	U+2F895	U+5F22	#	
㣇	㣇	U+2F896	U+38C7	A	
𣊸	𣊸	U+2F897	U+232B8	B	
𦇚	𦇚	U+2F898	U+261DA	B	
形	形	U+2F899	U+5F62	#	
彫	彫	U+2F89A	U+5F6B	#	
㣣	㣣	U+2F89B	U+38E3	A	
徚	徚	U+2F89C	U+5F9A	#	
忍	忍	U+2F89D	U+5FCD	#	
志	志	U+2F89E	U+5FD7	#	
忹	忹	U+2F89F	U+5FF9	#	
悁	悁	U+2F8A0	U+6081	#	
㤺	㤺	U+2F8A1	U+393A	A	
㤜	㤜	U+2F8A2	U+391C	A	
悔	悔	U+2F8A3	U+6094	#	
𢛔	𢛔	U+2F8A4	U+226D4	B	
惇	惇	U+2F8A5	U+60C7	#	
慈	慈	U+2F8A6	U+6148	#	
慌	慌	U+2F8A7	U+614C	#	
慎	慎	U+2F8A8	U+614E	#	
慌	慌	U+2F8A9	U+614C	#	
慺	慺	U+2F8AA	U+617A	#	
憎	憎	U+2F8AB	U+618E	#	
憲	憲	U+2F8AC	U+61B2	#	
憤	憤	U+2F8AD	U+61A4	#	
憯	憯	U+2F8AE	U+61AF	#	
懞	懞	U+2F8AF	U+61DE	#	
懲	懲	U+2F8B0	U+61F2	#	
懶	懶	U+2F8B1	U+61F6	#	
成	成	U+2F8B2	U+6210	#	
戛	戛	U+2F8B3	U+621B	#	
扝	扝	U+2F8B4	U+625D	#	
抱	抱	U+2F8B5	U+62B1	#	
拔	拔	U+2F8B6	U+62D4	#	
捐	捐	U+2F8B7	U+6350	#	
𢬌	𢬌	U+2F8B8	U+22B0C	B	
挽	挽	U+2F8B9	U+633D	#	
拼	拼	U+2F8BA	U+62FC	#	
捨	捨	U+2F8BB	U+6368	#	
掃	掃	U+2F8BC	U+6383	#	
揤	揤	U+2F8BD	U+63E4	#	
𢯱	𢯱	U+2F8BE	U+22BF1	B	
搢	搢	U+2F8BF	U+6422	#	
揅	揅	U+2F8C0	U+63C5	#	
掩	掩	U+2F8C1	U+63A9	#	
㨮	㨮	U+2F8C2	U+3A2E	A	
摩	摩	U+2F8C3	U+6469	#	
摾	摾	U+2F8C4	U+647E	#	
撝	撝	U+2F8C5	U+649D	#	
摷	摷	U+2F8C6	U+6477	#	
㩬	㩬	U+2F8C7	U+3A6C	A	
敏	敏	U+2F8C8	U+654F	#	
敬	敬	U+2F8C9	U+656C	#	
𣀊	𣀊	U+2F8CA	U+2300A	B	
旣	旣	U+2F8CB	U+65E3	#	
書	書	U+2F8CC	U+66F8	#	
晉	晉	U+2F8CD	U+6649	#	
㬙	㬙	U+2F8CE	U+3B19	A	
暑	暑	U+2F8CF	U+6691	#	
㬈	㬈	U+2F8D0	U+3B08	A	
㫤	㫤	U+2F8D1	U+3AE4	A	
冒	冒	U+2F8D2	U+5192	#	
冕	冕	U+2F8D3	U+5195	#	
最	最	U+2F8D4	U+6700	#	
暜	暜	U+2F8D5	U+669C	#	
肭	肭	U+2F8D6	U+80AD	#	
䏙	䏙	U+2F8D7	U+43D9	A	
朗	朗	U+2F8D8	U+6717	#	
望	望	U+2F8D9	U+671B	#	
朡	朡	U+2F8DA	U+6721	#	
杞	杞	U+2F8DB	U+675E	#	
杓	杓	U+2F8DC	U+6753	#	
𣏃	𣏃	U+2F8DD	U+233C3	B	
㭉	㭉	U+2F8DE	U+3B49	A	
柺	柺	U+2F8DF	U+67FA	#	
枅	枅	U+2F8E0	U+6785	#	
桒	桒	U+2F8E1	U+6852	#	
梅	梅	U+2F8E2	U+6885	#	
𣑭	𣑭	U+2F8E3	U+2346D	B	
梎	梎	U+2F8E4	U+688E	#	
栟	栟	U+2F8E5	U+681F	#	
椔	椔	U+2F8E6	U+6914	#	
㮝	㮝	U+2F8E7	U+3B9D	A	
楂	楂	U+2F8E8	U+6942	#	
榣	榣	U+2F8E9	U+69A3	#	
槪	槪	U+2F8EA	U+69EA	#	
檨	檨	U+2F8EB	U+6AA8	#	
𣚣	𣚣	U+2F8EC	U+236A3	B	
櫛	櫛	U+2F8ED	U+6ADB	#	
㰘	㰘	U+2F8EE	U+3C18	A	
次	次	U+2F8EF	U+6B21	#	
𣢧	𣢧	U+2F8F0	U+238A7	B	
歔	歔	U+2F8F1	U+6B54	#	
㱎	㱎	U+2F8F2	U+3C4E	A	
歲	歲	U+2F8F3	U+6B72	#	
殟	殟	U+2F8F4	U+6B9F	#	
殺	殺	U+2F8F5	U+6BBA	#	
殻	殻	U+2F8F6	U+6BBB	#	
𣪍	𣪍	U+2F8F7	U+23A8D	B	
𡴋	𡴋	U+2F8F8	U+21D0B	B	
𣫺	𣫺	U+2F8F9	U+23AFA	B	
汎	汎	U+2F8FA	U+6C4E	#	
𣲼	𣲼	U+2F8FB	U+23CBC	B	
沿	沿	U+2F8FC	U+6CBF	#	
泍	泍	U+2F8FD	U+6CCD	#	
汧	汧	U+2F8FE	U+6C67	#	
洖	洖	U+2F8FF	U+6D16	#	
派	派	U+2F900	U+6D3E	#	
海	海	U+2F901	U+6D77	#	
流	流	U+2F902	U+6D41	#	
浩	浩	U+2F903	U+6D69	#	
浸	浸	U+2F904	U+6D78	#	
涅	涅	U+2F905	U+6D85	#	
𣴞	𣴞	U+2F906	U+23D1E	B	
洴	洴	U+2F907	U+6D34	#	
港	港	U+2F908	U+6E2F	#	
湮	湮	U+2F909	U+6E6E	#	
㴳	㴳	U+2F90A	U+3D33	A	
滋	滋	U+2F90B	U+6ECB	#	
滇	滇	U+2F90C	U+6EC7	#	
𣻑	𣻑	U+2F90D	U+23ED1	B	
淹	淹	U+2F90E	U+6DF9	#	
潮	潮	U+2F90F	U+6F6E	#	
𣽞	𣽞	U+2F910	U+23F5E	B	
𣾎	𣾎	U+2F911	U+23F8E	B	
濆	濆	U+2F912	U+6FC6	#	
瀹	瀹	U+2F913	U+7039	#	
瀞	瀞	U+2F914	U+701E	#	
瀛	瀛	U+2F915	U+701B	#	
㶖	㶖	U+2F916	U+3D96	A	
灊	灊	U+2F917	U+704A	#	
災	災	U+2F918	U+707D	#	
灷	灷	U+2F919	U+7077	#	
炭	炭	U+2F91A	U+70AD	#	
𠔥	𠔥	U+2F91B	U+20525	B	
煅	煅	U+2F91C	U+7145	#	
𤉣	𤉣	U+2F91D	U+24263	B	
熜	熜	U+2F91E	U+719C	#	
𤎫	𤎫	U+2F91F	U+243AB	B	
爨	爨	U+2F920	U+7228	#	
爵	爵	U+2F921	U+7235	#	
牐	牐	U+2F922	U+7250	#	
𤘈	𤘈	U+2F923	U+24608	B	
犀	犀	U+2F924	U+7280	#	
犕	犕	U+2F925	U+7295	#	
𤜵	𤜵	U+2F926	U+24735	B	
𤠔	𤠔	U+2F927	U+24814	B	
獺	獺	U+2F928	U+737A	#	
王	王	U+2F929	U+738B	#	
㺬	㺬	U+2F92A	U+3EAC	A	
玥	玥	U+2F92B	U+73A5	#	
㺸	㺸	U+2F92C	U+3EB8	A	
㺸	㺸	U+2F92D	U+3EB8	A	
瑇	瑇	U+2F92E	U+7447	#	
瑜	瑜	U+2F92F	U+745C	#	
瑱	瑱	U+2F930	U+7471	#	
璅	璅	U+2F931	U+7485	#	
瓊	瓊	U+2F932	U+74CA	#	
㼛	㼛	U+2F933	U+3F1B	A	
甤	甤	U+2F934	U+7524	#	
𤰶	𤰶	U+2F935	U+24C36	B	
甾	甾	U+2F936	U+753E	#	
𤲒	𤲒	U+2F937	U+24C92	B	
異	異	U+2F938	U+7570	#	
𢆟	𢆟	U+2F939	U+2219F	B	
瘐	瘐	U+2F93A	U+7610	#	
𤾡	𤾡	U+2F93B	U+24FA1	B	
𤾸	𤾸	U+2F93C	U+24FB8	B	
𥁄	𥁄	U+2F93D	U+25044	B	
㿼	㿼	U+2F93E	U+3FFC	A	
䀈	䀈	U+2F93F	U+4008	A	
直	直	U+2F940	U+76F4	#	
𥃳	𥃳	U+2F941	U+250F3	B	
𥃲	𥃲	U+2F942	U+250F2	B	
𥄙	𥄙	U+2F943	U+25119	B	
𥄳	𥄳	U+2F944	U+25133	B	
眞	眞	U+2F945	U+771E	#	
真	真	U+2F946	U+771F	#	
真	真	U+2F947	U+771F	#	
睊	睊	U+2F948	U+774A	#	
䀹	䀹	U+2F949	U+4039	A	
瞋	瞋	U+2F94A	U+778B	#	
䁆	䁆	U+2F94B	U+4046	A	
䂖	䂖	U+2F94C	U+4096	A	
𥐝	𥐝	U+2F94D	U+2541D	B	
硎	硎	U+2F94E	U+784E	#	
碌	碌	U+2F94F	U+788C	#	
磌	磌	U+2F950	U+78CC	#	
䃣	䃣	U+2F951	U+40E3	A	
𥘦	𥘦	U+2F952	U+25626	B	
祖	祖	U+2F953	U+7956	#	
𥚚	𥚚	U+2F954	U+2569A	B	
𥛅	𥛅	U+2F955	U+256C5	B	
福	福	U+2F956	U+798F	#	
秫	秫	U+2F957	U+79EB	#	
䄯	䄯	U+2F958	U+412F	A	
穀	穀	U+2F959	U+7A40	#	
穊	穊	U+2F95A	U+7A4A	#	
穏	穏	U+2F95B	U+7A4F	#	
𥥼	𥥼	U+2F95C	U+2597C	B	
𥪧	𥪧	U+2F95D	U+25AA7	B	
𥪧	𥪧	U+2F95E	U+25AA7	B	
竮	竮	U+2F95F	U+7AEE	#	
䈂	䈂	U+2F960	U+4202	A	
𥮫	𥮫	U+2F961	U+25BAB	B	
篆	篆	U+2F962	U+7BC6	#	
築	築	U+2F963	U+7BC9	#	
䈧	䈧	U+2F964	U+4227	A	
𥲀	𥲀	U+2F965	U+25C80	B	
糒	糒	U+2F966	U+7CD2	#	
䊠	䊠	U+2F967	U+42A0	A	
糨	糨	U+2F968	U+7CE8	#	
糣	糣	U+2F969	U+7CE3	#	
紀	紀	U+2F96A	U+7D00	#	
𥾆	𥾆	U+2F96B	U+25F86	B	
絣	絣	U+2F96C	U+7D63	#	
䌁	䌁	U+2F96D	U+4301	A	
緇	緇	U+2F96E	U+7DC7	#	
縂	縂	U+2F96F	U+7E02	#	
繅	繅	U+2F970	U+7E45	#	
䌴	䌴	U+2F971	U+4334	A	
𦈨	𦈨	U+2F972	U+26228	B	
𦉇	𦉇	U+2F973	U+26247	B	
䍙	䍙	U+2F974	U+4359	A	
𦋙	𦋙	U+2F975	U+262D9	B	
罺	罺	U+2F976	U+7F7A	#	
𦌾	𦌾	U+2F977	U+2633E	B	
羕	羕	U+2F978	U+7F95	#	
翺	翺	U+2F979	U+7FFA	#	
者	者	U+2F97A	U+8005	#	
𦓚	𦓚	U+2F97B	U+264DA	B	
𦔣	𦔣	U+2F97C	U+26523	B	
聠	聠	U+2F97D	U+8060	#	
𦖨	𦖨	U+2F97E	U+265A8	B	
聰	聰	U+2F97F	U+8070	#	
𣍟	𣍟	U+2F980	U+2335F	B	
䏕	䏕	U+2F981	U+43D5	A	
育	育	U+2F982	U+80B2	#	
脃	脃	U+2F983	U+8103	#	
䐋	䐋	U+2F984	U+440B	A	
脾	脾	U+2F985	U+813E	#	
媵	媵	U+2F986	U+5AB5	#	
𦞧	𦞧	U+2F987	U+267A7	B	
𦞵	𦞵	U+2F988	U+267B5	B	
𣎓	𣎓	U+2F989	U+23393	B	
𣎜	𣎜	U+2F98A	U+2339C	B	
舁	舁	U+2F98B	U+8201	#	
舄	舄	U+2F98C	U+8204	#	
辞	辞	U+2F98D	U+8F9E	#	
䑫	䑫	U+2F98E	U+446B	A	
芑	芑	U+2F98F	U+8291	#	
芋	芋	U+2F990	U+828B	#	
芝	芝	U+2F991	U+829D	#	
劳	劳	U+2F992	U+52B3	#	
花	花	U+2F993	U+82B1	#	
芳	芳	U+2F994	U+82B3	#	
芽	芽	U+2F995	U+82BD	#	
苦	苦	U+2F996	U+82E6	#	
𦬼	𦬼	U+2F997	U+26B3C	B	
若	若	U+2F998	U+82E5	#	
茝	茝	U+2F999	U+831D	#	
荣	荣	U+2F99A	U+8363	#	
莭	莭	U+2F99B	U+83AD	#	
茣	茣	U+2F99C	U+8323	#	
莽	莽	U+2F99D	U+83BD	#	
菧	菧	U+2F99E	U+83E7	#	
著	著	U+2F99F	U+8457	#	
荓	荓	U+2F9A0	U+8353	#	
菊	菊	U+2F9A1	U+83CA	#	
菌	菌	U+2F9A2	U+83CC	#	
菜	菜	U+2F9A3	U+83DC	#	
𦰶	𦰶	U+2F9A4	U+26C36	B	
𦵫	𦵫	U+2F9A5	U+26D6B	B	
𦳕	𦳕	U+2F9A6	U+26CD5	B	
䔫	䔫	U+2F9A7	U+452B	A	
蓱	蓱	U+2F9A8	U+84F1	#	
蓳	蓳	U+2F9A9	U+84F3	#	
蔖	蔖	U+2F9AA	U+8516	#	
𧏊	𧏊	U+2F9AB	U+273CA	B	
蕤	蕤	U+2F9AC	U+8564	#	
𦼬	𦼬	U+2F9AD	U+26F2C	B	
䕝	䕝	U+2F9AE	U+455D	A	
䕡	䕡	U+2F9AF	U+4561	A	
𦾱	𦾱	U+2F9B0	U+26FB1	B	
𧃒	𧃒	U+2F9B1	U+270D2	B	
䕫	䕫	U+2F9B2	U+456B	A	
虐	虐	U+2F9B3	U+8650	#	
虜	虜	U+2F9B4	U+865C	#	
虧	虧	U+2F9B5	U+8667	#	
虩	虩	U+2F9B6	U+8669	#	
蚩	蚩	U+2F9B7	U+86A9	#	
蚈	蚈	U+2F9B8	U+8688	#	
蜎	蜎	U+2F9B9	U+870E	#	
蛢	蛢	U+2F9BA	U+86E2	#	
蝹	蝹	U+2F9BB	U+8779	#	
蜨	蜨	U+2F9BC	U+8728	#	
蝫	蝫	U+2F9BD	U+876B	#	
螆	螆	U+2F9BE	U+8786	#	
䗗	䗗	U+2F9BF	U+45D7	A	
蟡	蟡	U+2F9C0	U+87E1	#	
蠁	蠁	U+2F9C1	U+8801	#	
䗹	䗹	U+2F9C2	U+45F9	A	
衠	衠	U+2F9C3	U+8860	#	
衣	衣	U+2F9C4	U+8863	#	
𧙧	𧙧	U+2F9C5	U+27667	B	
裗	裗	U+2F9C6	U+88D7	#	
裞	裞	U+2F9C7	U+88DE	#	
䘵	䘵	U+2F9C8	U+4635	A	
裺	裺	U+2F9C9	U+88FA	#	
㒻	㒻	U+2F9CA	U+34BB	A	
𧢮	𧢮	U+2F9CB	U+278AE	B	
𧥦	𧥦	U+2F9CC	U+27966	B	
䚾	䚾	U+2F9CD	U+46BE	A	
䛇	䛇	U+2F9CE	U+46C7	A	
誠	誠	U+2F9CF	U+8AA0	#	
諭	諭	U+2F9D0	U+8AED	#	
變	變	U+2F9D1	U+8B8A	#	
豕	豕	U+2F9D2	U+8C55	#	
𧲨	𧲨	U+2F9D3	U+27CA8	B	
貫	貫	U+2F9D4	U+8CAB	#	
賁	賁	U+2F9D5	U+8CC1	#	
贛	贛	U+2F9D6	U+8D1B	#	
起	起	U+2F9D7	U+8D77	#	
𧼯	𧼯	U+2F9D8	U+27F2F	B	
𠠄	𠠄	U+2F9D9	U+20804	B	
跋	跋	U+2F9DA	U+8DCB	#	
趼	趼	U+2F9DB	U+8DBC	#	
跰	跰	U+2F9DC	U+8DF0	#	
𠣞	𠣞	U+2F9DD	U+208DE	B	
軔	軔	U+2F9DE	U+8ED4	#	
輸	輸	U+2F9DF	U+8F38	#	
𨗒	𨗒	U+2F9E0	U+285D2	B	
𨗭	𨗭	U+2F9E1	U+285ED	B	
邔	邔	U+2F9E2	U+9094	#	
郱	郱	U+2F9E3	U+90F1	#	
鄑	鄑	U+2F9E4	U+9111	#	
𨜮	𨜮	U+2F9E5	U+2872E	B	
鄛	鄛	U+2F9E6	U+911B	#	
鈸	鈸	U+2F9E7	U+9238	#	
鋗	鋗	U+2F9E8	U+92D7	#	
鋘	鋘	U+2F9E9	U+92D8	#	
鉼	鉼	U+2F9EA	U+927C	#	
鏹	鏹	U+2F9EB	U+93F9	#	
鐕	鐕	U+2F9EC	U+9415	#	
𨯺	𨯺	U+2F9ED	U+28BFA	B	
開	開	U+2F9EE	U+958B	#	
䦕	䦕	U+2F9EF	U+4995	A	
閷	閷	U+2F9F0	U+95B7	#	
𨵷	𨵷	U+2F9F1	U+28D77	B	
䧦	䧦	U+2F9F2	U+49E6	A	
雃	雃	U+2F9F3	U+96C3	#	
嶲	嶲	U+2F9F4	U+5DB2	#	
霣	霣	U+2F9F5	U+9723	#	
𩅅	𩅅	U+2F9F6	U+29145	B	
𩈚	𩈚	U+2F9F7	U+2921A	B	
䩮	䩮	U+2F9F8	U+4A6E	A	
䩶	䩶	U+2F9F9	U+4A76	A	
韠	韠	U+2F9FA	U+97E0	#	
𩐊	𩐊	U+2F9FB	U+2940A	B	
䪲	䪲	U+2F9FC	U+4AB2	A	
𩒖	𩒖	U+2F9FD	U+29496	B	
頋	頋	U+2F9FE	U+980B	#	
頋	頋	U+2F9FF	U+980B	#	
頩	頩	U+2FA00	U+9829	#	
𩖶	𩖶	U+2FA01	U+295B6	B	
飢	飢	U+2FA02	U+98E2	#	
䬳	䬳	U+2FA03	U+4B33	A	
餩	餩	U+2FA04	U+9929	#	
馧	馧	U+2FA05	U+99A7	#	
駂	駂	U+2FA06	U+99C2	#	
駾	駾	U+2FA07	U+99FE	#	
䯎	䯎	U+2FA08	U+4BCE	A	
𩬰	𩬰	U+2FA09	U+29B30	B	
鬒	鬒	U+2FA0A	U+9B12	#	
鱀	鱀	U+2FA0B	U+9C40	#	
鳽	鳽	U+2FA0C	U+9CFD	#	
䳎	䳎	U+2FA0D	U+4CCE	A	
䳭	䳭	U+2FA0E	U+4CED	A	
鵧	鵧	U+2FA0F	U+9D67	#	
𪃎	𪃎	U+2FA10	U+2A0CE	B	
䳸	䳸	U+2FA11	U+4CF8	A	
𪄅	𪄅	U+2FA12	U+2A105	B	
𪈎	𪈎	U+2FA13	U+2A20E	B	
𪊑	𪊑	U+2FA14	U+2A291	B	
麻	麻	U+2FA15	U+9EBB	#	
䵖	䵖	U+2FA16	U+4D56	A	
黹	黹	U+2FA17	U+9EF9	#	
黾	黾	U+2FA18	U+9EFE	#	
鼅	鼅	U+2FA19	U+9F05	#	
鼏	鼏	U+2FA1A	U+9F0F	#	
鼖	鼖	U+2FA1B	U+9F16	#	
鼻	鼻	U+2FA1C	U+9F3B	#	
𪘀	𪘀	U+2FA1D	U+2A600	B	
